<?xml version="1.0" encoding="UTF-8"?>
<project-private xmlns="http://www.netbeans.org/ns/project-private/1">
    <editor-bookmarks xmlns="http://www.netbeans.org/ns/editor-bookmarks/2" lastBookmarkId="0"/>
    <open-files xmlns="http://www.netbeans.org/ns/projectui-open-files/2">
        <group>
            <file>file:/C:/Users/PC/Documents/GitHub/Repositorio/NetBeansProject/ED/Parte2/EX5/src/lib/Store.java</file>
            <file>file:/C:/Users/PC/Documents/GitHub/Repositorio/NetBeansProject/ED/Parte2/EX5/src/lib/Media.java</file>
            <file>file:/C:/Users/PC/Documents/GitHub/Repositorio/NetBeansProject/ED/Parte2/EX5/src/lib/Book.java</file>
            <file>file:/C:/Users/PC/Documents/GitHub/Repositorio/NetBeansProject/ED/Parte2/EX5/src/lib/DVD.java</file>
            <file>file:/C:/Users/PC/Documents/GitHub/Repositorio/NetBeansProject/ED/Parte2/EX5/src/ex5/EX5.java</file>
            <file>file:/C:/Users/PC/Documents/GitHub/Repositorio/NetBeansProject/ED/Parte2/EX5/src/lib/CD.java</file>
        </group>
    </open-files>
</project-private>
